102,20220101121201,12,page_commodity_detail
102,20220101121211,24,page_commodity_detail
102,20220101121221,13,page
102,20220101121231,14,page_orders
102,20220101121251,15,page
102,20220101121530,19,page
103,20220101121600,18,page
102,20220101121600,20,page_orders
102,20220101121540,24,page_commodity_detail
103,20220101121614,14,page_orders
102,20220101121630,13,page
103,20220101121633,12,page_commodity_detail
102,20220101122000,14,page_orders
102,20220101122015,26,page_orders
102,20220101122030,16,page_?
102,20220101122045,18,page